INSERT INTO BUSINESS_CATEGORY VALUES (0, 'Home Needs');
INSERT INTO BUSINESS_CATEGORY VALUES (1, 'Appliance');
INSERT INTO BUSINESS_CATEGORY VALUES (2, 'Health');
INSERT INTO BUSINESS_CATEGORY VALUES (3, 'Services');
INSERT INTO BUSINESS_CATEGORY VALUES (4, 'Party');
INSERT INTO BUSINESS_CATEGORY VALUES (5, 'Fashion');

INSERT INTO BUSINESS_SUB_CATEGORY (ID, NAME, CATEGORY_ID) VALUES (101, 'Cleaning', 0);
INSERT INTO BUSINESS_SUB_CATEGORY (ID, NAME, CATEGORY_ID) VALUES (102, 'Plumbing', 0);
INSERT INTO BUSINESS_SUB_CATEGORY (ID, NAME, CATEGORY_ID) VALUES (103, 'Electrical', 0);
INSERT INTO BUSINESS_SUB_CATEGORY (ID, NAME, CATEGORY_ID) VALUES (104, 'Handly Man (Carpenters)', 0);
INSERT INTO BUSINESS_SUB_CATEGORY (ID, NAME, CATEGORY_ID) VALUES (105, 'Baby Sitter/ Home Sitter', 0);

INSERT INTO BUSINESS_SUB_CATEGORY (ID, NAME, CATEGORY_ID) VALUES (106, 'All', 1);
INSERT INTO BUSINESS_SUB_CATEGORY (ID, NAME, CATEGORY_ID) VALUES (107, 'TV & Fridge', 1);
INSERT INTO BUSINESS_SUB_CATEGORY (ID, NAME, CATEGORY_ID) VALUES (108, 'Water', 1);
INSERT INTO BUSINESS_SUB_CATEGORY (ID, NAME, CATEGORY_ID) VALUES (109, 'mobile', 1);
INSERT INTO BUSINESS_SUB_CATEGORY (ID, NAME, CATEGORY_ID) VALUES (110, 'microwave', 1);
INSERT INTO BUSINESS_SUB_CATEGORY (ID, NAME, CATEGORY_ID) VALUES (111, 'cctv', 1);
INSERT INTO BUSINESS_SUB_CATEGORY (ID, NAME, CATEGORY_ID) VALUES (112, 'AC', 1);

INSERT INTO BUSINESS_SUB_CATEGORY (ID, NAME, CATEGORY_ID) VALUES (113, 'salon(bridal makeup,mehdi)', 2);
INSERT INTO BUSINESS_SUB_CATEGORY (ID, NAME, CATEGORY_ID) VALUES (114, 'Bridal only', 2);
INSERT INTO BUSINESS_SUB_CATEGORY (ID, NAME, CATEGORY_ID) VALUES (115, 'Mehendi Only', 2);
INSERT INTO BUSINESS_SUB_CATEGORY (ID, NAME, CATEGORY_ID) VALUES (116, 'General makeup only', 2);
INSERT INTO BUSINESS_SUB_CATEGORY (ID, NAME, CATEGORY_ID) VALUES (117, 'physiotheraphy', 2);
INSERT INTO BUSINESS_SUB_CATEGORY (ID, NAME, CATEGORY_ID) VALUES (118, 'Home nurse', 2);

INSERT INTO BUSINESS_SUB_CATEGORY (ID, NAME, CATEGORY_ID) VALUES (119, 'painter', 3);
INSERT INTO BUSINESS_SUB_CATEGORY (ID, NAME, CATEGORY_ID) VALUES (120, 'deep cleaning', 3);
INSERT INTO BUSINESS_SUB_CATEGORY (ID, NAME, CATEGORY_ID) VALUES (121, 'car cleaning', 3);
INSERT INTO BUSINESS_SUB_CATEGORY (ID, NAME, CATEGORY_ID) VALUES (122, 'drivers', 3);
INSERT INTO BUSINESS_SUB_CATEGORY (ID, NAME, CATEGORY_ID) VALUES (123, 'furniture', 3);
INSERT INTO BUSINESS_SUB_CATEGORY (ID, NAME, CATEGORY_ID) VALUES (124, 'parcel and transport', 3);
INSERT INTO BUSINESS_SUB_CATEGORY (ID, NAME, CATEGORY_ID) VALUES (125, 'fitness', 3);
INSERT INTO BUSINESS_SUB_CATEGORY (ID, NAME, CATEGORY_ID) VALUES (126, 'pest controls', 3);
INSERT INTO BUSINESS_SUB_CATEGORY (ID, NAME, CATEGORY_ID) VALUES (127, 'gas stove repair', 3);
INSERT INTO BUSINESS_SUB_CATEGORY (ID, NAME, CATEGORY_ID) VALUES (128, 'mechanic', 3);
INSERT INTO BUSINESS_SUB_CATEGORY (ID, NAME, CATEGORY_ID) VALUES (129, 'laundary', 3);

INSERT INTO BUSINESS_SUB_CATEGORY (ID, NAME, CATEGORY_ID) VALUES (130, 'Event managment', 4);
INSERT INTO BUSINESS_SUB_CATEGORY (ID, NAME, CATEGORY_ID) VALUES (131, 'caters', 4);
INSERT INTO BUSINESS_SUB_CATEGORY (ID, NAME, CATEGORY_ID) VALUES (132, 'music(band,DJ,marfa)', 4);
INSERT INTO BUSINESS_SUB_CATEGORY (ID, NAME, CATEGORY_ID) VALUES (133, 'marriage halls', 4);
INSERT INTO BUSINESS_SUB_CATEGORY (ID, NAME, CATEGORY_ID) VALUES (134, 'decorates', 4);
INSERT INTO BUSINESS_SUB_CATEGORY (ID, NAME, CATEGORY_ID) VALUES (135, 'photo', 4);

INSERT INTO BUSINESS_SUB_CATEGORY (ID, NAME, CATEGORY_ID) VALUES (136, 'Tailors', 5);
INSERT INTO BUSINESS_SUB_CATEGORY (ID, NAME, CATEGORY_ID) VALUES (137, 'designers', 5);

INSERT INTO PROVINCE (ID, NAME) VALUES (4001, 'AMBERPET');
INSERT INTO PROVINCE (ID, NAME) VALUES (4002, 'JUBLIEEHILLS');
INSERT INTO PROVINCE (ID, NAME) VALUES (4003, 'KARWAN');
INSERT INTO PROVINCE (ID, NAME) VALUES (4004, 'KHAIRTHABAD');
INSERT INTO PROVINCE (ID, NAME) VALUES (4005, 'KUKATPALLY');
INSERT INTO PROVINCE (ID, NAME) VALUES (4006, 'LB NAGAR');
INSERT INTO PROVINCE (ID, NAME) VALUES (4007, 'MALAKPET');
INSERT INTO PROVINCE (ID, NAME) VALUES (4008, 'MALKAJGIRI');
INSERT INTO PROVINCE (ID, NAME) VALUES (4009, 'MUSHEERABAD');
INSERT INTO PROVINCE (ID, NAME) VALUES (4010, 'NAMPALLY');
INSERT INTO PROVINCE (ID, NAME) VALUES (4011, 'RAJENDRANAGAR');
INSERT INTO PROVINCE (ID, NAME) VALUES (4012, 'SANATHNAGAR');
INSERT INTO PROVINCE (ID, NAME) VALUES (4013, 'SECUNDRABAD');
INSERT INTO PROVINCE (ID, NAME) VALUES (4014, 'SERILINGAMPALLY');
INSERT INTO PROVINCE (ID, NAME) VALUES (4015, 'UPPAL');